User Address,NB TX,NATIVE DROP,STARGATE SWAP,src | dest | contract,day | week | month,Initial Active Date,Last Active Date,isSybil
0x0150e002b38ead7acf58caf85e9305edd1d4e1cf,111,0.60,1948.14,7 | 13 | 10,36 | 19 | 11,2023-05-31,2024-04-02,false
0x05bc71937d4210dec31f588a5f7807aac66c99f7,113,0.70,1734.87,8 | 14 | 11,39 | 21 | 11,2023-05-31,2024-04-10,false
0x061a1e4ad5928b3388e59f7478db00f9bfd8eae4,97,0.68,1584.60,8 | 13 | 11,38 | 20 | 11,2023-05-31,2024-04-02,false
0x08b6ae51b417766c9ce8cce8c0dbef331c0c019a,102,0.71,1608.53,8 | 12 | 11,36 | 20 | 11,2023-05-31,2024-04-09,false
0x0905f39e01f5ebb3c1fb530a9e206fbc3b9c111d,110,0.46,1766.81,7 | 13 | 10,39 | 21 | 11,2023-05-31,2024-04-10,false
0x0d6e6ea4562f3bd3e21827c39817a9f93977bae7,102,0.60,1744.28,7 | 13 | 10,38 | 21 | 11,2023-05-31,2024-04-10,false
0x0f3bded90b0ab9c84751463c1695613ba0207386,92,0.59,1411.77,7 | 13 | 10,34 | 21 | 11,2023-05-31,2024-04-10,false
0x1017382e4b224cb64cbcfae0656b04037743f6e5,108,0.82,1506.76,8 | 16 | 11,37 | 22 | 11,2023-05-31,2024-04-10,false
0x113029eaf63218acc0db0916ca198744960a349a,104,0.45,1548.28,7 | 14 | 10,35 | 21 | 11,2023-05-31,2024-04-10,false
0x12f5a9af629e554aedef71c53501964a5fd84d4d,107,0.80,1894.56,8 | 18 | 11,41 | 22 | 11,2023-05-31,2024-04-10,false
0x1364ef9a73f072bea31dc1f91e390c3a61e18c70,111,0.69,1631.77,8 | 13 | 11,41 | 21 | 11,2023-05-31,2024-04-10,false
0x139814be5c96781eac71c3b29549e87fe1dcf153,103,0.46,1971.55,7 | 14 | 10,36 | 21 | 11,2023-05-31,2024-04-10,false
0x13a259d81d3367a04795b15fd429d484833a5d7e,87,0.61,1617.35,7 | 13 | 10,32 | 20 | 11,2023-05-31,2024-04-10,false
0x141b6b4e93208d3d5d70fc3e6fac16a186f7509f,106,0.69,1794.47,8 | 13 | 11,35 | 21 | 11,2023-05-31,2024-04-10,false
0x146ff6da143a04f4e87b166fb9d4ebfb7230131e,130,0.81,1364.74,8 | 16 | 11,41 | 22 | 11,2023-05-31,2024-04-10,false
0x149ea0c5ff9b975923c06cc0893661fc9478111a,106,0.46,1788.12,7 | 13 | 10,36 | 20 | 11,2023-05-31,2024-04-10,false
0x15335b66e9d4afbf4c8512d21ecb196c9102d89a,108,0.81,1938.05,8 | 17 | 11,38 | 22 | 11,2023-05-31,2024-04-10,false
0x17d3d4f182591f3830b51ff5fdc036499a171272,107,0.52,1638.59,7 | 12 | 10,36 | 21 | 11,2023-05-31,2024-04-10,false
0x1884c405fca81ab7a41e43516b385214835beda6,118,0.71,1729.51,8 | 13 | 11,41 | 20 | 11,2023-05-31,2024-04-02,false
0x1a4c0754bfeb299c646114121ce1109aa6114248,94,0.46,1998.51,7 | 12 | 10,33 | 19 | 11,2023-05-31,2024-04-02,false
0x1a6d1448f5fd84b8568e3c1eacdfb9f38b27e0be,92,0.72,1477.10,7 | 12 | 10,33 | 19 | 11,2023-05-31,2024-04-02,false
0x1afe970074344f8e9a056bc596fddba7d491600f,111,0.83,1701.79,8 | 16 | 11,38 | 22 | 11,2023-05-31,2024-04-10,false
0x1b46c8cbb3b3d28542431364f64af182432ab6d3,104,0.60,1487.63,7 | 13 | 10,35 | 20 | 11,2023-05-31,2024-04-10,false
0x1bfa31b4627fcf752d1d4dbd86c4ebf1b130eec4,114,0.46,1970.24,7 | 13 | 10,39 | 21 | 11,2023-05-31,2024-04-09,false
0x1dce9cbbbaa8c6582c2c59500f2443cdc057a84d,84,0.69,1177.58,8 | 13 | 11,30 | 20 | 10,2023-05-31,2024-04-02,false
0x1de8fe1e26c27b3436bdb0651fadd6993ca9b938,114,0.46,1957.78,7 | 14 | 10,37 | 21 | 11,2023-05-31,2024-04-10,false
0x1e862adf4eff7d78d2d442c859c6b2b851fb2f75,106,0.69,1657.85,8 | 14 | 11,36 | 22 | 11,2023-05-31,2024-04-09,false
0x2161be8a96297bc62dd5015396f708b881c7027b,103,0.57,1995.13,7 | 13 | 10,36 | 21 | 11,2023-05-31,2024-04-10,false
0x22df8160d8267ebf2a932e126d70c06804cff335,117,0.78,1376.97,8 | 15 | 11,37 | 21 | 11,2023-05-31,2024-04-10,false
0x2488508f2c87c5ac228c66771905fd862e20fb2d,99,0.69,1908.41,8 | 15 | 11,33 | 20 | 11,2023-05-31,2024-04-09,false
0x26867c7c857fd76b2de296d40e4655d2fb0019ef,92,0.59,1351.42,7 | 13 | 10,32 | 19 | 11,2023-05-31,2024-04-01,false
0x26b18c73db9b531742111ac9a9a3dd4fbfd8f206,101,0.67,1291.55,8 | 14 | 11,38 | 20 | 11,2023-05-31,2024-04-10,false
0x27d65c260802b019b03592b4b3392874f4200230,97,0.83,1884.98,8 | 17 | 11,34 | 22 | 11,2023-05-31,2024-04-09,false
0x287df16ae6c0d6fd076a397f98d5b3f6ceaa39c5,109,0.77,1493.47,8 | 14 | 11,40 | 20 | 11,2023-05-31,2024-04-10,false
0x2958c4c9a7e522741f75e764d5fcabf0c45591ae,116,0.60,1882.32,7 | 14 | 10,39 | 21 | 11,2023-05-31,2024-04-10,false
0x29aee664cec93abfe8a66b37f9b1ad01bf5683a6,112,0.45,1476.55,7 | 11 | 10,37 | 19 | 11,2023-05-31,2024-04-02,false
0x2a21d6f0db99de15aa56cc56c86e56843575cc85,104,0.71,1997.92,8 | 14 | 11,34 | 21 | 11,2023-05-31,2024-04-10,false
0x2ba5bcdd9eadb8f61226690161a775c14dcf4cf6,105,0.45,1639.64,7 | 13 | 10,35 | 20 | 11,2023-05-31,2024-04-10,false
0x2ba8f0742c7752d987c35e85414280c2a82ccfa4,106,0.45,1733.38,7 | 14 | 10,35 | 20 | 11,2023-05-31,2024-04-10,false
0x2c11d29e12475efb49df0db9767e7cdb898f7acc,107,0.66,1644.65,8 | 14 | 11,36 | 21 | 11,2023-05-31,2024-04-10,false
0x2f1417417cf5bcab9a2fc4fb5f30ffdcda5fce72,97,0.39,1321.15,7 | 12 | 10,34 | 19 | 11,2023-05-31,2024-04-02,false
0x30a33c7c3a0b99311b0c2c4a5246551ddf00deb3,105,0.59,2064.63,7 | 12 | 10,32 | 20 | 11,2023-05-31,2024-04-10,false
0x31ace1320968a7a23f1b0c414d9cdfa42947d54d,107,0.65,1496.46,7 | 14 | 10,35 | 19 | 11,2023-05-31,2024-04-02,false
0x333903c6110e5cf859791c0787ce3ea2d981f1ca,112,0.81,1696.84,8 | 16 | 11,37 | 20 | 10,2023-05-31,2024-04-02,false
0x33eef2f3abd20b945db5fbf1fc39784336358f6f,120,0.82,2295.75,8 | 16 | 11,38 | 20 | 11,2023-05-31,2024-04-10,false
0x34f8f2d111512d908d7ff0e5a9b210e985fb790d,109,0.68,1793.53,8 | 13 | 11,36 | 20 | 11,2023-05-31,2024-04-10,false
0x38a712a20da306025d2aaadc037a1033264a0d5e,105,0.66,1535.64,8 | 14 | 11,37 | 21 | 11,2023-05-31,2024-04-10,false
0x3afc3c03c14a19ab2a8a27d60a27d4a8f9cf7715,101,0.34,1359.43,7 | 12 | 10,37 | 20 | 11,2023-05-31,2024-04-09,false
0x3aff57527dbe24da95b3edd3d44d45b509abf57c,111,0.53,1433.20,7 | 12 | 10,38 | 19 | 11,2023-05-31,2024-04-02,false
0x3b296b2413c30a8b7b5c013ae09804afeeaed6db,119,0.83,2317.89,8 | 16 | 11,39 | 20 | 11,2023-05-31,2024-04-10,false
0x3f132d31c3b2af1de5d0dfd357eea5bb224b9e96,106,0.62,1849.52,7 | 13 | 10,35 | 19 | 11,2023-05-31,2024-04-10,false
0x434c8b0cb46fcdf17408da6a04e41a55ddb28c1a,104,0.46,1852.98,7 | 12 | 10,35 | 20 | 11,2023-05-31,2024-04-10,false
0x44bf5ff89319f525ddf82270d9e0029e7c41b5f4,97,0.60,1918.63,8 | 14 | 11,34 | 21 | 11,2023-05-31,2024-04-10,false
0x463dc74437188260063131e3def3a250bddc7245,95,0.60,1696.30,7 | 14 | 10,33 | 19 | 11,2023-05-31,2024-04-10,false
0x46a4917e0d3252983c6e8a87a2b7f2de534f2760,118,0.76,1937.05,8 | 16 | 11,38 | 22 | 11,2023-05-31,2024-04-10,false
0x46f938e08a20fc80b7166b7a256c03ed0c23f3f2,102,0.36,1821.81,7 | 13 | 10,35 | 20 | 11,2023-05-31,2024-04-09,false
0x485bb64d6966baead2121b9aedbffa0b36b83b50,111,0.65,1571.96,7 | 13 | 10,37 | 20 | 11,2023-05-31,2024-04-10,false
0x49600945d5ffbcafad432fefafdf68040862a11d,103,0.60,1632.03,7 | 13 | 10,35 | 20 | 11,2023-05-31,2024-04-02,false
0x4a648112dc1027ffc5885c12ad8610110faaeb0e,110,0.46,1601.70,7 | 12 | 10,37 | 19 | 11,2023-05-31,2024-04-10,false
0x4a92b781d51f0f9701e71bde1bcfc426357cf8dc,95,0.47,1529.73,7 | 14 | 10,33 | 19 | 11,2023-05-31,2024-04-02,false
0x4a9a5f59f88f201b53d7a2d0508f856f2632de5e,93,0.51,1635.81,7 | 12 | 10,30 | 19 | 11,2023-05-31,2024-04-02,false
0x4c54429d3cfa7bb7dd57e581789513f09ff08cc4,98,0.72,1606.47,7 | 13 | 10,36 | 21 | 11,2023-05-31,2024-04-10,false
0x4d07db58a7a7a5c5b0011020c78a1083933fcea9,124,0.69,1485.74,8 | 14 | 11,42 | 22 | 11,2023-05-31,2024-04-09,false
0x4e055ddc2d8b7c42f1c5739a07b2b5f4dc0817e2,108,0.72,1610.53,7 | 12 | 10,35 | 21 | 11,2023-05-31,2024-04-02,false
0x4f744fa0f5029f2250b432cbc89462834c525ada,95,0.71,1659.01,8 | 14 | 11,38 | 20 | 11,2023-05-31,2024-04-02,false
0x4feafb24b006ef482db3449101f20b94a8e5f1f8,109,0.72,1375.89,8 | 14 | 11,38 | 20 | 11,2023-05-31,2024-04-10,false
0x513c91b940f06fa107c5d8a49275594e3f623363,101,0.69,1663.58,8 | 15 | 11,34 | 20 | 11,2023-05-31,2024-04-10,false
0x519d570653e6a2c6dd534cd52962807b8252e864,118,0.76,1438.75,8 | 13 | 11,38 | 22 | 11,2023-05-31,2024-04-09,false
0x51adc61ae78c35be4bc998807e18fa2fd0c55220,93,0.39,1644.18,7 | 13 | 10,33 | 21 | 11,2023-05-31,2024-04-09,false
0x51d98557e578a145dc2ac4efeaf0f965b7e43f65,101,0.45,1893.63,7 | 13 | 10,34 | 19 | 11,2023-05-31,2024-04-02,false
0x51e15e283bff22394baad6db4be7cb9a9e142527,103,0.62,1255.58,7 | 14 | 10,33 | 21 | 11,2023-05-31,2024-04-09,false
0x51f720a059907a412beae4f8d45b759665cd63f3,96,0.69,1528.81,8 | 13 | 11,36 | 21 | 11,2023-05-31,2024-04-09,false
0x526f884e479f4d99fd2fc2fb660266e73dc39811,110,0.34,1767.77,7 | 12 | 10,35 | 21 | 11,2023-05-31,2024-04-10,false
0x52d3a52681abdc5b5e21b0788584bb4da5526e37,112,0.65,1651.95,8 | 15 | 11,36 | 22 | 11,2023-05-31,2024-04-10,false
0x53082ccb5b5772b55f402be12ddb8c18be771b75,112,0.68,2164.31,7 | 14 | 10,40 | 20 | 11,2023-05-31,2024-04-10,false
0x5364765299f210eea871f2e9a2b92a2a779c0b96,116,0.46,1526.42,7 | 13 | 10,38 | 21 | 11,2023-05-31,2024-04-09,false
0x53a888085c936cc243a8f052ae369d0da206b8af,95,0.60,1775.80,7 | 14 | 10,35 | 19 | 11,2023-05-31,2024-04-09,false
0x57e46aae856b5b47cde00b187a21b53ef79830da,116,0.68,1708.12,8 | 13 | 11,40 | 21 | 11,2023-05-31,2024-04-02,false
0x58895ed1be5eedfcf11c61e8bbc563be52768502,98,0.56,1597.78,7 | 11 | 10,34 | 18 | 11,2023-05-31,2024-04-02,false
0x5b722cf8ed871cc7ca1663932360c195db022ecb,109,0.46,1842.24,7 | 12 | 10,37 | 21 | 11,2023-05-31,2024-04-10,false
0x5c7acfe5cacf7eff8dd4cfd70800269568fc923f,94,0.36,1694.60,7 | 12 | 10,35 | 20 | 11,2023-05-31,2024-04-10,false
0x5d38d8729a1f0c84833256a6c8f808e26a8d3f4e,114,0.45,1753.46,7 | 14 | 10,39 | 20 | 11,2023-05-31,2024-04-09,false
0x5e6c8230e9fb2468837228e5f2d180d6e17693bb,111,0.65,1856.62,8 | 14 | 11,39 | 21 | 11,2023-05-31,2024-04-09,false
0x5e8bff066291b82594380029c110f310dc3246f3,101,0.64,1641.47,7 | 13 | 10,35 | 20 | 11,2023-05-31,2024-04-02,false
0x5f17e171892588d6315f001c245657f6e7381b2f,95,0.77,2133.53,8 | 12 | 11,32 | 20 | 11,2023-05-31,2024-04-02,false
0x5f22d9c7d6e458ad7989475dc9ff53e0e51bcb63,112,0.69,1434.17,8 | 14 | 11,35 | 19 | 10,2023-05-31,2024-04-10,false
0x5ffab19ffb0dbbf30389f88bc29268828b796918,106,0.46,1616.90,7 | 13 | 10,34 | 19 | 11,2023-05-31,2024-04-02,false
0x602a39372271756400d1885ab3f63f758e289037,120,0.64,2116.11,7 | 12 | 10,40 | 20 | 11,2023-05-31,2024-04-09,false
0x63cc6ee6e130761815fb6812f66b67ca2a06cab6,107,0.45,1768.55,7 | 12 | 10,37 | 19 | 11,2023-05-31,2024-04-01,false
0x64b5d1fd145f271d41c5d35ec883bd0a4429f0d8,117,0.64,1619.53,8 | 13 | 11,39 | 20 | 11,2023-05-31,2024-04-02,false
0x65099abeaf0a307c19e2e380fc184ee140b7cc6d,102,0.79,1774.17,8 | 17 | 11,39 | 21 | 11,2023-05-31,2024-04-10,false
0x65acae3844261b299998b9b340c15ebf325d9eb3,128,0.46,1508.73,7 | 14 | 10,42 | 21 | 11,2023-05-31,2024-04-09,false
0x66b256fea4843c3583d96f2d9ba46a2934620c75,105,0.64,1200.14,8 | 14 | 11,40 | 21 | 11,2023-05-31,2024-04-10,false
0x6970b3046b3a4afef33874e48ef4e65572837f2d,102,0.83,1706.57,7 | 13 | 10,35 | 21 | 11,2023-05-31,2024-04-10,false
0x6b4f3fedb5ece289f8ab928e451442fca5b9cac6,100,0.47,1505.99,7 | 13 | 10,33 | 20 | 11,2023-05-31,2024-04-10,false
0x6c4d2ed3c28c668aed3d418d161648185294bef9,117,0.46,1969.16,7 | 12 | 10,38 | 20 | 11,2023-05-31,2024-04-09,false
0x6cbb6f27f0f3acd0a0d575c4443ed32b82170916,130,0.68,1872.50,8 | 14 | 11,40 | 20 | 11,2023-05-31,2024-04-01,false
0x6d955076f55f83bb666817ba9bc355496f380ab3,103,0.65,1433.22,8 | 15 | 11,39 | 21 | 11,2023-05-31,2024-04-09,false
0x7792b6116cae3909ecac9f14c3d1509f8b30950a,107,0.36,1507.19,7 | 13 | 10,39 | 19 | 11,2023-05-31,2024-04-10,false
0x7900a0ff497d4de674eed0e8c3408f8086414963,120,0.71,1709.99,8 | 14 | 11,39 | 22 | 11,2023-05-31,2024-04-10,false
0x79f79b369567b555919430ad200e36359a7de2cb,106,0.72,1709.30,8 | 14 | 11,40 | 22 | 11,2023-05-31,2024-04-10,false
0x7cb00a06e8aaba0708f195a4e0ced8cee88512bf,102,0.74,1832.85,8 | 15 | 11,35 | 20 | 11,2023-05-31,2024-04-02,false
0x7e345edbb8082de7eaf383ad3ec88a7ae923bd9f,110,0.66,1923.76,8 | 14 | 11,42 | 21 | 11,2023-05-31,2024-04-09,false
0x7e5df15ec90d2b4cc75d8159e5b4e31da74b6c83,101,0.66,1429.49,7 | 13 | 10,36 | 21 | 11,2023-05-31,2024-04-10,false
0x7e77bf92c857de812eada3e262091b4247bdd2d7,99,0.45,1452.38,7 | 12 | 10,35 | 21 | 11,2023-05-31,2024-04-10,false
0x7f99c090e92f6482a538ddbbb42d3664685bc4f4,114,0.81,1914.29,8 | 17 | 11,38 | 20 | 11,2023-05-31,2024-04-10,false
0x7ffd23035fe4c7eafbaa8c9e23d3078d0b7acec5,115,0.63,1814.88,8 | 14 | 11,41 | 20 | 11,2023-05-31,2024-04-10,false
0x80791a7ce2d81dc194b958d3a32e49ad6f392717,114,0.46,1466.54,7 | 13 | 10,40 | 19 | 11,2023-05-31,2024-04-10,false
0x81f04f9f34e220812097fcb9f77edfb7ae26d313,117,0.75,1572.73,8 | 17 | 11,40 | 19 | 11,2023-05-31,2024-04-02,false
0x82302edaf360644c527ba7427a2cdc6394f7bdf7,111,0.45,2040.40,7 | 13 | 10,40 | 21 | 11,2023-05-31,2024-04-10,false
0x82cad83147251a7aba6b1ecae9c9747a78125168,103,0.61,1627.29,7 | 14 | 10,37 | 21 | 11,2023-05-31,2024-04-10,false
0x837ce8da6bb7fe4c261ca2e1781196bb8f3b9b69,117,0.34,2102.52,7 | 12 | 10,40 | 20 | 11,2023-05-31,2024-04-10,false
0x83b2ace5070a25159432ed3c077c9cfec07e0e13,97,0.78,1358.64,8 | 17 | 11,36 | 20 | 11,2023-05-31,2024-04-02,false
0x84b29fe61135adb8e8d3b3d5b3c7b42235c48fdb,101,0.59,1381.80,8 | 14 | 11,35 | 22 | 11,2023-05-31,2024-04-10,false
0x852baede513774f67283fc246ea0bd8e0bb2a1ea,122,0.68,1540.01,8 | 14 | 11,40 | 20 | 11,2023-05-31,2024-04-10,false
0x86f090f6ecfa32651e6fcfe44a27524a54498bce,106,0.69,1380.09,8 | 14 | 11,36 | 21 | 11,2023-05-31,2024-04-09,false
0x86fe9e7d0117386afe7dba1d43b789a40c68c8c3,98,0.63,1829.62,7 | 12 | 10,34 | 19 | 11,2023-05-31,2024-04-09,false
0x87cce33b3c5de9193f519f0f78fb2d3970fde648,109,0.67,1434.61,8 | 14 | 11,36 | 20 | 11,2023-05-31,2024-04-10,false
0x88135a0687e22599bc01164103529e1f00faa5ab,98,0.45,1897.89,7 | 13 | 10,36 | 20 | 11,2023-05-31,2024-04-10,false
0x8b41064c437fd55f79b0d1586b5ecd7e969d2cee,94,0.61,1453.52,8 | 13 | 11,35 | 20 | 11,2023-05-31,2024-04-02,false
0x8b7f81430fe4fe4c9135e491c032cce46410a2fd,102,0.45,1740.69,7 | 13 | 10,34 | 20 | 11,2023-05-31,2024-04-02,false
0x8bc71136b14d3994e7e1e95edc546b537a82a0b4,101,0.60,1363.10,7 | 12 | 10,37 | 19 | 11,2023-05-31,2024-04-10,false
0x9054b13b40ba62114ee457b3364cfcc6532fc776,107,0.46,1415.49,7 | 14 | 10,38 | 20 | 11,2023-05-31,2024-04-09,false
0x9061d9a52a71044702b31c47a9b7d228551d5aaa,112,0.71,1757.45,8 | 14 | 11,38 | 20 | 11,2023-05-31,2024-04-02,false
0x9065d98e475c25e8fd8063efc62d948534e2e52d,113,0.36,1566.56,7 | 13 | 10,37 | 20 | 11,2023-05-31,2024-04-10,false
0x90ead149144a280254e489b297d9e4ab63983c70,96,0.46,2001.58,7 | 13 | 10,36 | 18 | 11,2023-05-31,2024-04-01,false
0x90f53325827f1f393b4eda5bb5683911516411b2,106,0.46,1938.10,7 | 13 | 10,36 | 20 | 11,2023-05-31,2024-04-10,false
0x910572f8bde95c945b7b8eea26e7b95a3cdaba55,103,0.65,1741.04,8 | 13 | 11,38 | 21 | 11,2023-05-31,2024-04-02,false
0x91187a3c953d5bd045f5010f665562478e361b41,105,0.81,1997.39,8 | 17 | 11,35 | 20 | 11,2023-05-31,2024-04-10,false
0x9239da535d8fe4891dd4b3ce51b7adb9252439c9,113,0.61,1699.20,7 | 12 | 10,37 | 20 | 11,2023-05-31,2024-04-02,false
0x92f3228ab608ae653f730810148d03cfb4be78ff,104,0.72,1869.88,8 | 13 | 11,36 | 22 | 11,2023-05-31,2024-04-10,false
0x93f6a4d46914ae51225011ccebffb921e28c3604,88,0.54,1424.95,7 | 14 | 10,36 | 20 | 11,2023-05-31,2024-04-10,false
0x94523a06cbc15d826a5e1462da24a3f053004462,109,0.70,2405.57,8 | 13 | 11,39 | 21 | 11,2023-05-31,2024-04-10,false
0x948af1669b86e5c2e72c9f60ee36dea9e62dbda9,120,0.53,1610.40,7 | 13 | 10,41 | 19 | 11,2023-05-31,2024-04-10,false
0x958d326f2373f5c0ebe92d03309bbbb4a88c5a1a,115,0.60,1679.69,7 | 13 | 10,37 | 20 | 11,2023-05-31,2024-04-10,false
0x9603d1b8826167fc1889855a465b84904ec5f3b2,98,0.70,1615.95,7 | 13 | 10,36 | 20 | 11,2023-05-31,2024-04-10,false
0x9a9921cbd40481a3d6b19c35f1adbab12339b00e,108,0.81,1449.13,8 | 15 | 11,36 | 21 | 11,2023-05-31,2024-04-10,false
0x9d777fc93f74e65a155f3d3aa84c7f680b7e72e6,108,0.63,1852.66,8 | 14 | 11,36 | 20 | 11,2023-05-31,2024-04-02,false
0x9dc3b17691c62b366d1edc9685061fcf88806e27,114,0.39,1344.33,7 | 14 | 10,36 | 19 | 11,2023-05-31,2024-04-02,false
0x9e7dd91a60c2d024a41a5eb007e7c575be170f12,108,0.76,1733.31,8 | 14 | 11,42 | 20 | 11,2023-05-31,2024-04-02,false
0x9ef0a1ee31d119874e70eec30c01f4780f0622a9,109,0.76,2320.93,8 | 13 | 11,37 | 21 | 11,2023-05-31,2024-04-10,false
0xa09231271fb796d51ed50e0731ad9b57699cc836,101,0.54,1483.23,7 | 12 | 10,34 | 20 | 11,2023-05-31,2024-04-02,false
0xa0b96d8c100a4903dda47603eeaa2f6fe5b21131,115,0.35,1415.17,7 | 14 | 10,37 | 19 | 11,2023-05-31,2024-04-02,false
0xa2c1d50fe992a1f21fd849ab5198aa0a5d2d3d63,113,0.75,1556.02,8 | 15 | 11,37 | 20 | 11,2023-05-31,2024-04-02,false
0xa36d84f9c622a7ad96e001be1c14155291132a34,112,0.66,1888.13,7 | 13 | 10,37 | 21 | 11,2023-05-31,2024-04-10,false
0xa3f856d4b75718494fe58c8b63dc6ac1c7efc3db,103,0.51,1642.50,7 | 12 | 10,38 | 19 | 11,2023-05-31,2024-04-02,false
0xa403fbcca9d3481860ded9c212a5150834dd7bc7,99,0.57,1916.62,7 | 12 | 10,34 | 19 | 11,2023-05-31,2024-04-10,false
0xa4164b413c8ed2cb13803043de75c02b6eed75e7,106,0.63,1321.63,8 | 14 | 11,36 | 21 | 11,2023-05-31,2024-04-10,false
0xa5b82d4b509e0afbe81cb76387e34231f7a49b0e,96,0.71,1644.47,8 | 13 | 11,38 | 22 | 11,2023-05-31,2024-04-10,false
0xa5fb7e18397dc8308c6a7c1642d0d5d5c3fecaa1,112,0.51,1765.25,7 | 12 | 10,38 | 19 | 11,2023-05-31,2024-04-09,false
0xa6155647937b2fe26c70d318d814000bba19269d,112,0.45,1197.95,7 | 13 | 10,39 | 19 | 11,2023-05-31,2024-04-10,false
0xa66db674f6c66b231e77201695b4382234e1c155,108,0.63,1396.28,7 | 13 | 10,38 | 19 | 11,2023-05-31,2024-04-10,false
0xa72ba79e03424a2b1060ddbe1482c6db810f7872,99,0.74,1453.10,8 | 14 | 11,37 | 21 | 11,2023-05-31,2024-04-10,false
0xa7df20a5703789ceb816cbc7d2152cadc6bb0fd5,106,0.61,1312.60,7 | 12 | 10,39 | 20 | 11,2023-05-31,2024-04-02,false
0xa9a0e1800c6e33d96827bdb59a6ff8d2f88fa520,114,0.75,1703.75,8 | 17 | 11,41 | 22 | 11,2023-05-31,2024-04-10,false
0xaaa94859b76f0bafb22a66d9c53731301cc57220,114,0.78,1320.39,8 | 17 | 11,39 | 21 | 11,2023-05-31,2024-04-10,false
0xad095101c7594f84b4ccdab94801843294733b33,100,0.46,1621.64,7 | 13 | 10,35 | 20 | 11,2023-05-31,2024-04-10,false
0xad2b2fa1e73a9e08c773b0609d529de992f359c3,92,0.65,1685.11,7 | 12 | 10,37 | 21 | 11,2023-05-31,2024-04-09,false
0xad4e1a9c2cc62bba64cd3c718018a29b39a658d9,116,0.65,2094.13,8 | 15 | 11,40 | 21 | 11,2023-05-31,2024-04-02,false
0xae5ff6e839dc8e4f390912973fed877301231eed,104,0.45,1774.64,7 | 13 | 10,38 | 21 | 11,2023-05-31,2024-04-10,false
0xae76de52589ee9be2a48e50a1fcb81fedb588b65,110,0.60,1880.95,8 | 13 | 11,42 | 22 | 11,2023-05-31,2024-04-09,false
0xaefd2edf2dc606271adca079220fb8ca6ae09394,111,0.45,1906.59,7 | 13 | 10,41 | 20 | 11,2023-05-31,2024-04-09,false
0xb10fb3d769e926c20af8cbf74e5af3da3745e7b2,103,0.77,1572.64,7 | 14 | 10,35 | 21 | 11,2023-05-31,2024-04-10,false
0xb1869865821a131087aa8f331eb420787cff27ec,106,0.35,1975.22,7 | 14 | 10,36 | 21 | 11,2023-05-31,2024-04-10,false
0xb1b58491dfcf78e0f613697f6cabe5fbebf70c13,91,0.34,1303.04,7 | 14 | 10,35 | 20 | 11,2023-05-31,2024-04-10,false
0xb2668721c5511339ef134f6438e74e3a575a56fb,98,0.61,1276.96,7 | 13 | 10,35 | 19 | 11,2023-05-31,2024-04-10,false
0xb345e7fc93eec01dc27f25ca3b8cadf4aceb629d,102,0.65,1991.28,8 | 13 | 11,39 | 21 | 11,2023-05-31,2024-04-09,false
0xb4479bcf883da2d7f40d237849f027b9e09a7466,101,0.60,1714.24,7 | 13 | 10,32 | 17 | 9,2023-05-31,2024-04-02,false
0xb48a4d1fef8695bbd11e08e6a3a90f24b1c1a897,110,0.63,1776.50,7 | 12 | 10,39 | 21 | 11,2023-05-31,2024-04-10,false
0xb4b5e98b928d2fb9f61a8820deff322b1683a726,107,0.62,1783.53,7 | 14 | 10,36 | 19 | 11,2023-05-31,2024-04-09,false
0xb516c10e6488bda25f8cc2008d4f0cc487d54431,105,0.50,1768.30,7 | 13 | 10,34 | 21 | 11,2023-05-31,2024-04-09,false
0xb608374fe222af7c0b52f811c7e2aba68a7ef34c,111,0.59,1925.07,7 | 13 | 10,34 | 19 | 11,2023-05-31,2024-04-10,false
0xb8b39435ba30b06e423fc0f1c4ef20ba546c0c88,112,0.84,1529.11,8 | 16 | 11,39 | 21 | 11,2023-05-31,2024-04-09,false
0xb9ddcbd395648298bb927637520ecdf6f1766515,107,0.50,1492.00,7 | 14 | 10,38 | 20 | 11,2023-05-31,2024-04-10,false
0xbcfa1fbc96b38caaf1a880289092b028f98abe19,118,0.83,1790.21,8 | 16 | 11,41 | 22 | 11,2023-05-31,2024-04-10,false
0xbdcbf14729d98bcdac9e30aa71a41894f2e658c0,103,0.45,1743.00,7 | 12 | 10,37 | 20 | 11,2023-05-31,2024-04-09,false
0xbe58709bb350ffb7ea84ee89a6891e34b7ff159e,124,0.46,2043.21,7 | 14 | 10,38 | 20 | 11,2023-05-31,2024-04-10,false
0xbf91339990b52765d0953802fc2154b5c417b0e3,108,0.35,1536.54,7 | 13 | 10,40 | 20 | 11,2023-05-31,2024-04-09,false
0xbfb6edf7dbbe469cdc485c6f805784278b85c861,114,0.59,1649.00,7 | 13 | 10,37 | 19 | 11,2023-05-31,2024-04-10,false
0xc157a3d128e4ec4e0bb8372d50cff1b0f0ac501a,87,0.58,1431.21,7 | 13 | 10,35 | 19 | 11,2023-05-31,2024-04-02,false
0xc41ab6343a178aea928a2fc8eb4bc93e9937c154,106,0.35,1676.03,7 | 13 | 10,34 | 20 | 11,2023-05-31,2024-04-10,false
0xc41eb51776d1ff55a37e5a2c01267ade858c72e6,111,0.71,2019.58,8 | 16 | 11,35 | 21 | 11,2023-05-31,2024-04-10,false
0xc4db28ccef814a5652ede996e89efb2ac57b3035,109,0.65,2054.22,8 | 13 | 11,35 | 21 | 11,2023-05-31,2024-04-02,false
0xc522b2ce2aa9c5bd4d644a878010555ea57a5e7a,105,0.63,1883.01,8 | 13 | 11,36 | 21 | 11,2023-05-31,2024-04-10,false
0xc54aa2cbb130dca5204a40d8bdd166ba07813d10,114,0.82,1619.72,8 | 17 | 11,40 | 22 | 11,2023-05-31,2024-04-09,false
0xc6696c24712edf2adb6add14341f6045f21e3b03,107,0.73,1694.24,8 | 15 | 11,37 | 20 | 11,2023-05-31,2024-04-10,false
0xc6ea98d2a5366c3898e18d313fb0c2d6ae06a6c8,122,0.46,1564.88,7 | 13 | 10,39 | 20 | 11,2023-05-31,2024-04-10,false
0xc8034118004b48adf2e6681fee038be9ac164989,104,0.46,2406.45,7 | 13 | 10,38 | 20 | 11,2023-05-31,2024-04-10,false
0xc86dddc68e2aeea4f69c985273fcb868e7f76f28,121,0.80,2209.73,8 | 18 | 11,39 | 21 | 11,2023-05-31,2024-04-09,false
0xc8c1196f6d29dbeec430cc99fd4a906c99e53d4d,115,0.71,1345.55,8 | 13 | 11,40 | 22 | 11,2023-05-31,2024-04-10,false
0xc8decb3b0d732ed1e6454954b7ee11f0b84f3fe8,98,0.60,2015.92,7 | 12 | 10,30 | 18 | 11,2023-05-31,2024-04-02,false
0xcca8c56b7afe112450ebe3e5b7246c6dc7badc15,101,0.81,1645.10,8 | 15 | 11,38 | 22 | 11,2023-05-31,2024-04-09,false
0xcd43822be00198f70c26f7ffe7d9f495425b8260,103,0.76,1663.93,8 | 17 | 11,35 | 20 | 11,2023-05-31,2024-04-02,false
0xcd4f8fffdc9e2323bdee47dc18fadd3f27d2c39e,97,0.79,2000.52,8 | 12 | 11,33 | 21 | 11,2023-05-31,2024-04-02,false
0xd032132683cab2e3dda7a882d9692c71ac030048,100,0.45,2260.61,7 | 14 | 10,34 | 20 | 11,2023-05-31,2024-04-10,false
0xd2eb23ef180a3ee435b29318516567f4f8a8d78f,95,0.58,2172.05,7 | 14 | 10,32 | 20 | 11,2023-05-31,2024-04-10,false
0xd3a06efb34aa87fec55c59a0603c050d612d3b55,104,0.60,1762.35,7 | 13 | 10,35 | 21 | 11,2023-05-31,2024-04-10,false
0xd49009046bd2a14ddcddfb20a423e6cde0689b69,100,0.83,1079.79,8 | 16 | 11,36 | 21 | 11,2023-05-31,2024-04-01,false
0xd4fb43474ee435c32989b82f13941a98ce7183d0,96,0.64,1937.47,8 | 13 | 11,32 | 20 | 11,2023-05-31,2024-04-02,false
0xd57dd3bb2238e732fbf281d712da77128b6f6d2b,101,0.70,1675.60,8 | 13 | 11,33 | 20 | 11,2023-05-31,2024-04-01,false
0xd70a96b8d668c439a0ab7c783489f15a7841d0fc,109,0.36,1729.55,7 | 13 | 10,37 | 20 | 11,2023-05-31,2024-04-09,false
0xd8191e86377f4f3a2528b9d99f47282756a076fc,115,0.46,1441.46,7 | 13 | 10,41 | 21 | 11,2023-05-31,2024-04-10,false
0xd914ee908df7d1e0f283a26e321268caaa14c46f,105,0.45,1908.92,7 | 14 | 10,37 | 20 | 11,2023-05-31,2024-04-09,false
0xd934923d7b146c24589f32ae45f376595ad56d5e,98,0.76,1406.33,8 | 14 | 11,34 | 21 | 11,2023-05-31,2024-04-10,false
0xdc5ed244f73bd9322e1138a9183b466888cccd26,113,0.66,2030.26,8 | 15 | 11,37 | 22 | 11,2023-05-31,2024-04-10,false
0xdcce5342f9208daa68acdfb81989812ba07369a0,92,0.75,1704.96,8 | 13 | 11,36 | 21 | 11,2023-05-31,2024-04-10,false
0xdd09cb0b7d8fcc65511700f6a3d47bc28b49df0f,103,0.66,2231.94,8 | 15 | 11,37 | 22 | 11,2023-05-31,2024-04-09,false
0xdfb014f23ab4fd47667bcf81e56cd1f4d3a608f1,101,0.45,1316.43,7 | 13 | 10,33 | 20 | 11,2023-05-31,2024-04-02,false
0xe09d2f28ad40572ff2a157a800c5e03624b86f6a,111,0.74,2197.22,8 | 16 | 11,38 | 21 | 11,2023-05-31,2024-04-10,false
0xe166cc3eea81fc55333c614e67ece47794e6c537,104,0.61,2063.23,7 | 14 | 10,35 | 20 | 11,2023-05-31,2024-04-10,false
0xe3d8ca72ea823f5785095f5bb221072cfa240e49,123,0.69,1709.26,8 | 13 | 11,43 | 21 | 11,2023-05-31,2024-04-10,false
0xe419508c2c3436915c1c96295d2ee5f3ac5e31c2,121,0.74,1986.11,8 | 17 | 11,36 | 22 | 11,2023-05-31,2024-04-10,false
0xe670701d63747358215ca860ba3e31666c1feba6,100,0.69,1367.19,7 | 13 | 10,36 | 19 | 11,2023-05-31,2024-04-09,false
0xe6e1312cd7aba9b2d06c1b82931c51f48cc62c48,103,0.77,1847.08,8 | 14 | 11,35 | 21 | 10,2023-05-31,2024-04-10,false
0xe6f4254bd2878f384ceec965e0f8908d7a791f61,106,0.68,1730.97,8 | 14 | 11,41 | 21 | 11,2023-05-31,2024-04-10,false
0xe8e3b35fc11b8e0277e68cc9b649749bca3cf771,106,0.70,1771.17,7 | 13 | 10,35 | 21 | 11,2023-05-31,2024-04-10,false
0xea37125168ecae766a6c7dfd0a2ac7f39201272c,96,0.39,1650.09,7 | 14 | 10,34 | 20 | 11,2023-05-31,2024-04-10,false
0xeb7ce53c7fd103f50e6778b87c333633553d3a7b,104,0.67,1197.61,8 | 15 | 11,35 | 21 | 11,2023-05-31,2024-04-10,false
0xebf1be8b6556745f318576e7798968102eef7bd0,105,0.73,1531.65,8 | 17 | 11,38 | 22 | 11,2023-05-31,2024-04-10,false
0xec0190931fe64f0bbb750237bf0b3c588e096236,103,0.39,1854.52,7 | 14 | 10,35 | 20 | 11,2023-05-31,2024-04-10,false
0xec34c12cc1c789c8780dfc93bdd264e4c5e0401c,115,0.64,1601.21,7 | 13 | 10,40 | 19 | 11,2023-05-31,2024-04-10,false
0xec7984a8563d49f15d92abb3affcb8cdd5c60f1b,98,0.78,1756.37,8 | 17 | 11,35 | 21 | 11,2023-05-31,2024-04-10,false
0xeef1b58da2628d24c0597b6063950d8d2bff38fc,101,0.67,1301.24,8 | 14 | 11,38 | 22 | 11,2023-05-31,2024-04-10,false
0xf031eb566ffdce5e37b962ac14f5a8a22341d565,114,0.81,1840.62,8 | 16 | 11,41 | 22 | 11,2023-05-31,2024-04-10,false
0xf09e0e67e8e12fb3cdb88ea6a34e082418e9925e,112,0.63,2417.32,8 | 13 | 11,35 | 20 | 10,2023-05-31,2024-04-10,false
0xf0db525a754bfba82f9500f26e0cdf64af69dfe2,90,0.78,1779.84,8 | 17 | 11,35 | 20 | 11,2023-05-31,2024-04-02,false
0xf13bfb61d412f80347495c7500897e9a0bb8bf82,116,0.79,2009.39,8 | 17 | 11,40 | 21 | 11,2023-05-31,2024-04-09,false
0xf185abd3ad7a280f580de50339e1ab689321aa1b,100,0.39,1853.07,7 | 13 | 10,34 | 19 | 11,2023-05-31,2024-04-09,false
0xf21db0a9959e7bbbcad6d5664a9a8094fdc6efbb,105,0.80,1620.54,8 | 17 | 11,38 | 22 | 11,2023-05-31,2024-04-10,false
0xf2322aabeefd6af15e08194f4a3e36e5938e9886,116,0.63,2544.19,7 | 13 | 10,37 | 20 | 11,2023-05-31,2024-04-09,false
0xf3c9e217299b231e62821fd2853e8a3e2212d447,100,0.75,1981.22,8 | 14 | 11,34 | 21 | 11,2023-05-31,2024-04-09,false
0xf421f9b92c460769cb39e6d0a8e43ffe6921a957,100,0.80,2320.38,8 | 16 | 11,38 | 20 | 11,2023-05-31,2024-04-09,false
0xf4a205ffe76c783d17c85351a546c297e6ce8ec1,120,0.78,1653.80,8 | 16 | 11,40 | 20 | 11,2023-05-31,2024-04-09,false
0xf576f7136c45ca0bb5af8c96659b12aa44710d03,109,0.59,2123.66,8 | 13 | 11,37 | 20 | 11,2023-05-31,2024-04-09,false
0xf5dc0982fa22cf2e9a76dcf7be97185180d7c61d,104,0.78,1754.68,8 | 14 | 11,38 | 20 | 11,2023-05-31,2024-04-10,false
0xf61c68c06b892f3402d9fd5f2fff8fa0cb9440f8,102,0.78,1794.34,8 | 16 | 11,34 | 20 | 11,2023-05-31,2024-04-10,false
0xf6fbda64bb87baec2bc42332701082338e9eab88,104,0.36,1783.49,7 | 14 | 10,36 | 19 | 11,2023-05-31,2024-04-02,false
0xf9039011d683adc95df9e89b57b2abc680efac93,114,0.63,1708.60,8 | 14 | 11,37 | 21 | 11,2023-05-31,2024-04-10,false
0xf931f09f9bbfebcb87d7dfaa450fdb44638bc59d,110,0.53,1509.29,7 | 12 | 10,38 | 18 | 11,2023-05-31,2024-04-02,false
0xf9a9ae59257126242b9cd414d4f92a91fe482fd8,107,0.46,2183.08,7 | 12 | 10,39 | 21 | 11,2023-05-31,2024-04-10,false
0xf9e994ce2db742f52af5e5bcf18f5802173bd7f5,112,0.77,1965.35,8 | 13 | 11,40 | 22 | 11,2023-05-31,2024-04-10,false
0xfc55239e2c1e88ba0a34ccdf92c4c3385e09b421,104,0.61,1733.88,7 | 14 | 10,36 | 20 | 11,2023-05-31,2024-04-09,false
0xfcb8b49982be359ad0469dd0397337740a04577b,113,0.46,2087.05,7 | 12 | 10,36 | 19 | 11,2023-05-31,2024-04-10,false
0xfd36684238244b859dfd087f09fdc211accade3b,111,0.62,1344.71,8 | 13 | 11,38 | 21 | 11,2023-05-31,2024-04-10,false
0xfea9ab9984330f1218b869a571c53556b2294ca1,93,0.33,1644.93,7 | 13 | 10,36 | 20 | 11,2023-05-31,2024-04-10,false
0xfef0f8d45e5f14f51507313044addc690e0d9139,112,0.81,1561.81,8 | 16 | 11,38 | 20 | 10,2023-05-31,2024-04-09,false
0xfef9a72b610c63935b9aecfd88215cdae19dad84,102,0.56,1888.32,7 | 12 | 10,34 | 19 | 11,2023-05-31,2024-04-10,false
0xff6bfad62a4029766fd74c58d382d80370ebd144,102,0.72,1481.64,8 | 15 | 11,35 | 21 | 11,2023-05-31,2024-04-01,false
0xffcc3b843d9442b8b5a865eedee98aa3841d5b30,101,0.74,1827.11,8 | 13 | 11,37 | 21 | 11,2023-05-31,2024-04-10,false
0xffe5a8bc96534697acb6db0cd833bcec2b479703,111,0.83,1679.20,8 | 16 | 11,36 | 22 | 11,2023-05-31,2024-04-10,false
0xfff29e98f588cd7f82720b975428c0c30077b8fa,114,0.82,2019.49,8 | 17 | 11,38 | 20 | 10,2023-05-31,2024-04-10,false
